subject,speed,point 0,point 1,point 2,point 3,point 4,point 5
Subject13,0.8234530000000001,0,14,74,138,198,243
Subject13,0.837461,0,17,137,197,235,275
Subject13,0.9477180000000001,0,14,133,194,237,275
Subject13,0.997215,0,14,125,189,234,271
Subject13,1.05775,0,12,126,193,238,274
Subject13,1.1542780000000001,0,14,123,184,226,276
Subject13,1.198019,0,19,72,126,183,232
Subject13,1.2006459999999999,0,15,126,186,234,268
Subject13,1.241301,0,17,74,128,183,227
Subject13,1.270009,0,13,125,185,231,273
