subject,speed,point 0,point 1,point 2,point 3,point 4,point 5
Subject4,0.886965,0,21,78,144,207,263
Subject4,0.9097770000000001,0,16,114,145,204,260
Subject4,0.937383,0,13,80,136,194,245
Subject4,0.9438479999999999,0,17,68,139,198,251
Subject4,0.987518,0,14,78,139,198,248
Subject4,1.007758,0,15,87,141,199,246
Subject4,1.019715,0,15,100,134,195,246
Subject4,1.020355,0,18,120,151,202,266
Subject4,1.021772,0,15,74,140,198,263
Subject4,1.032633,0,9,87,140,193,245
Subject4,1.047597,0,18,68,135,196,249
Subject4,1.048813,0,9,127,188,237,276
Subject4,1.052884,0,9,87,138,193,260
Subject4,1.06237,0,33,71,136,194,244
Subject4,1.067982,0,9,68,132,193,243
Subject4,1.0683200000000002,0,46,84,130,189,241
Subject4,1.141066,0,13,58,135,193,264
Subject4,1.2908870000000001,0,18,94,136,197,250
Subject4,1.332771,0,22,100,134,193,259
Subject4,1.403746,0,36,100,148,205,267
Subject4,1.468461,0,31,100,141,207,273
Subject4,1.498009,0,39,100,143,203,264
Subject4,1.525374,0,38,100,147,212,276
Subject4,1.54301,0,34,97,138,203,274
Subject4,1.550904,0,24,55,104,147,210
