subject,speed,point 0,point 1,point 2,point 3,point 4,point 5
Subject3,0.9750049999999999,0,27,63,144,207,275
Subject3,1.091213,0,23,96,132,199,281
Subject3,1.2146649999999999,0,26,89,145,205,278
Subject3,1.262133,0,26,92,129,204,279
Subject3,1.3262909999999999,0,31,89,140,205,275
Subject3,1.419302,0,30,105,144,204,270
Subject3,1.48694,0,33,87,145,206,273
