subject,speed,point 0,point 1,point 2,point 3,point 4,point 5
Subject49,0.6601239999999999,0,9,74,139,192,275
Subject49,0.730625,0,20,81,159,210,260
Subject49,1.257696,0,13,77,126,184,250
Subject49,1.265169,0,11,62,122,187,252
Subject49,1.268361,0,12,74,125,178,277
Subject49,1.268824,0,16,74,135,190,270
Subject49,1.3244479999999998,0,14,68,123,180,267
Subject49,1.353081,0,9,68,122,176,275
Subject49,1.449951,0,11,103,169,219,270
