subject,speed,point 0,point 1,point 2,point 3,point 4,point 5
Subject14,0.9779389999999999,0,12,78,135,202,262
Subject14,1.116765,0,22,94,139,204,259
Subject14,1.151092,0,26,104,148,207,268
Subject14,1.226833,0,20,90,136,191,238
Subject14,1.264061,0,29,81,143,202,258
Subject14,1.397368,0,28,84,141,209,276
Subject14,1.406719,0,31,84,145,203,262
Subject14,1.425886,0,30,97,141,202,257
Subject14,1.450048,0,30,78,136,198,261
