subject,speed,point 0,point 1,point 2,point 3,point 4,point 5
Subject16,0.885285,0,16,82,136,189,278
Subject16,0.899063,0,13,76,126,191,240
Subject16,1.031898,0,21,83,140,191,240
Subject16,1.113788,0,13,79,132,188,273
Subject16,1.136657,0,15,72,124,188,239
Subject16,1.155319,0,20,83,135,190,250
Subject16,1.194474,0,19,69,133,185,236
