,HS1r,HS2r,HSl,TOr,TO1l,TO2l
S01_0002_Gait,0.06419452887537994,1.139452887537994,0.6058358662613982,0.750273556231003,0.2246808510638298,1.2838905775075986
S01_0003_Gait,0.024076677316293926,1.079437699680511,0.5537635782747603,0.6942108626198082,0.17254952076677316,1.231923322683706
